Tag,Sales,Site,RankChart
巨乳,28429,DLsite,週間ランキング200位以内
潮吹き,10528,DLsite,週間ランキング200位以内
フェラ,9608,DLsite,週間ランキング200位以内
妊娠・孕ませ,8365,DLsite,週間ランキング200位以内
学園もの,8208,DLsite,週間ランキング200位以内
学生,7907,DLsite,週間ランキング200位以内
羞恥・恥辱,7013,DLsite,週間ランキング200位以内
ギャル,6627,DLsite,週間ランキング200位以内
パイパン,6598,DLsite,週間ランキング200位以内
ロリ,6524,DLsite,週間ランキング200位以内
パイズリ,6496,DLsite,週間ランキング200位以内
寝取り・寝取られ,6385,DLsite,週間ランキング200位以内
おねショタ,6383,DLsite,週間ランキング200位以内
ムチムチ,6096,DLsite,週間ランキング200位以内
快楽堕ち,6096,DLsite,週間ランキング200位以内
ラブラブ・あまあま,5846,DLsite,週間ランキング200位以内
陵辱,5831,DLsite,週間ランキング200位以内
母乳,5586,DLsite,週間ランキング200位以内
アヘ顔,5509,DLsite,週間ランキング200位以内
妊婦,5482,DLsite,週間ランキング200位以内
制服,5441,DLsite,週間ランキング200位以内
オホ声,5395,DLsite,週間ランキング200位以内
人妻・主婦,5345,DLsite,週間ランキング200位以内
オナニー,5168,DLsite,週間ランキング200位以内
輪姦,4952,DLsite,週間ランキング200位以内
アナル,4713,DLsite,週間ランキング200位以内
耳舐め,4545,DLsite,週間ランキング200位以内
フタナリ,4459,DLsite,週間ランキング200位以内
ツインテール,4298,DLsite,週間ランキング200位以内
強制・無理矢理,4284,DLsite,週間ランキング200位以内
処女,4248,DLsite,週間ランキング200位以内
フェラ,196254,FANZA,週間ランキング200位以内
巨乳,183847,FANZA,週間ランキング200位以内
学生,88347,FANZA,週間ランキング200位以内
旧作,88239,FANZA,週間ランキング200位以内
潮吹き,83330,FANZA,週間ランキング200位以内
学園もの,82672,FANZA,週間ランキング200位以内
制服,78247,FANZA,週間ランキング200位以内
パイズリ,77008,FANZA,週間ランキング200位以内
処女,73652,FANZA,週間ランキング200位以内
アナル,59765,FANZA,週間ランキング200位以内
ファンタジー,53211,FANZA,週間ランキング200位以内
ギャル,51005,FANZA,週間ランキング200位以内
ラブラブ・あまあま,47292,FANZA,週間ランキング200位以内
純愛,46797,FANZA,週間ランキング200位以内
少女,44106,FANZA,週間ランキング200位以内
初体験,40122,FANZA,週間ランキング200位以内
セーラー服,38752,FANZA,週間ランキング200位以内
顔射,38537,FANZA,週間ランキング200位以内
露出,34647,FANZA,週間ランキング200位以内
メス堕ち,34070,FANZA,週間ランキング200位以内
陵辱,33227,FANZA,週間ランキング200位以内
オホ声,31526,FANZA,週間ランキング200位以内
異世界転生,31394,FANZA,週間ランキング200位以内
BL(ボーイズラブ),30105,FANZA,週間ランキング200位以内
ゲイ,30105,FANZA,週間ランキング200位以内
メスイキ,30105,FANZA,週間ランキング200位以内
男の娘,30105,FANZA,週間ランキング200位以内
メス男子,30105,FANZA,週間ランキング200位以内
手コキ,29118,FANZA,週間ランキング200位以内
金髪,28795,FANZA,週間ランキング200位以内
寝取り・寝取られ,25566,FANZA,週間ランキング200位以内
巨乳,65557,DLsite,週間ランキング200位以内
フェラ,44613,DLsite,週間ランキング200位以内
パイズリ,28069,DLsite,週間ランキング200位以内
潮吹き,21868,DLsite,週間ランキング200位以内
幼なじみ,21560,DLsite,週間ランキング200位以内
ごっくん・食ザー,21122,DLsite,週間ランキング200位以内
口内射精,21122,DLsite,週間ランキング200位以内
スクール水着,20681,DLsite,週間ランキング200位以内
ロリ,19005,DLsite,週間ランキング200位以内
ラブラブ・あまあま,18808,DLsite,週間ランキング200位以内
パイパン,17396,DLsite,週間ランキング200位以内
和姦,17166,DLsite,週間ランキング200位以内
オナニー,16572,DLsite,週間ランキング200位以内
連続絶頂,15303,DLsite,週間ランキング200位以内
学生,14745,DLsite,週間ランキング200位以内
処女,13993,DLsite,週間ランキング200位以内
メイド,13233,DLsite,週間ランキング200位以内
コスプレ,12979,DLsite,週間ランキング200位以内
純愛,12612,DLsite,週間ランキング200位以内
羞恥・恥辱,12358,DLsite,週間ランキング200位以内
学園もの,12174,DLsite,週間ランキング200位以内
貧乳・微乳,11947,DLsite,週間ランキング200位以内
ウェイトレス,11908,DLsite,週間ランキング200位以内
人妻・主婦,11672,DLsite,週間ランキング200位以内
アナル,11131,DLsite,週間ランキング200位以内
おねショタ,10866,DLsite,週間ランキング200位以内
女主人公,10765,DLsite,週間ランキング200位以内
少女,10652,DLsite,週間ランキング200位以内
イラマチオ,10290,DLsite,週間ランキング200位以内
断面図,9901,DLsite,週間ランキング200位以内
快楽堕ち,9683,DLsite,週間ランキング200位以内
巨乳,779869,FANZA,週間ランキング200位以内
フェラ,700167,FANZA,週間ランキング200位以内
制服,338752,FANZA,週間ランキング200位以内
旧作,332291,FANZA,週間ランキング200位以内
パイズリ,298640,FANZA,週間ランキング200位以内
処女,244860,FANZA,週間ランキング200位以内
寝取り・寝取られ,220306,FANZA,週間ランキング200位以内
人妻・主婦,216592,FANZA,週間ランキング200位以内
学生,178918,FANZA,週間ランキング200位以内
ラブラブ・あまあま,174050,FANZA,週間ランキング200位以内
学園もの,164081,FANZA,週間ランキング200位以内
潮吹き,148491,FANZA,週間ランキング200位以内
アナル,147974,FANZA,週間ランキング200位以内
ギャル,145062,FANZA,週間ランキング200位以内
幼なじみ,135500,FANZA,週間ランキング200位以内
純愛,133945,FANZA,週間ランキング200位以内
クンニ,112413,FANZA,週間ランキング200位以内
キス,112315,FANZA,週間ランキング200位以内
少女,109550,FANZA,週間ランキング200位以内
ハーレム,108790,FANZA,週間ランキング200位以内
ファンタジー,105102,FANZA,週間ランキング200位以内
露出,98739,FANZA,週間ランキング200位以内
妊娠・孕ませ,97606,FANZA,週間ランキング200位以内
連続絶頂,96466,FANZA,週間ランキング200位以内
貧乳・微乳,94668,FANZA,週間ランキング200位以内
アヘ顔,93198,FANZA,週間ランキング200位以内
陵辱,92201,FANZA,週間ランキング200位以内
着衣,91199,FANZA,週間ランキング200位以内
快楽堕ち,90162,FANZA,週間ランキング200位以内
オホ声,89222,FANZA,週間ランキング200位以内
パイパン,86549,FANZA,週間ランキング200位以内
ロリ,536971,DLsite,週間ランキング200位以内
パイパン,483681,DLsite,週間ランキング200位以内
複数プレイ・乱交,449732,DLsite,週間ランキング200位以内
ツルペタ,439418,DLsite,週間ランキング200位以内
巨乳,353239,DLsite,週間ランキング200位以内
調教・奴隷,256734,DLsite,週間ランキング200位以内
純愛,226088,DLsite,週間ランキング200位以内
ラブラブ・あまあま,211541,DLsite,週間ランキング200位以内
連続絶頂,190091,DLsite,週間ランキング200位以内
アヘ顔,187341,DLsite,週間ランキング200位以内
フェラ,180665,DLsite,週間ランキング200位以内
アナル,138630,DLsite,週間ランキング200位以内
断面図,137910,DLsite,週間ランキング200位以内
潮吹き,137242,DLsite,週間ランキング200位以内
少女,124699,DLsite,週間ランキング200位以内
妊婦,109662,DLsite,週間ランキング200位以内
触手,105642,DLsite,週間ランキング200位以内
叔父・義父,99056,DLsite,週間ランキング200位以内
退廃・背徳・インモラル,99054,DLsite,週間ランキング200位以内
レイプ,98278,DLsite,週間ランキング200位以内
ボクっ娘,97553,DLsite,週間ランキング200位以内
人体改造,97553,DLsite,週間ランキング200位以内
ギャル,95952,DLsite,週間ランキング200位以内
強制・無理矢理,92257,DLsite,週間ランキング200位以内
学園もの,86357,DLsite,週間ランキング200位以内
制服,85429,DLsite,週間ランキング200位以内
寝取り・寝取られ,69451,DLsite,週間ランキング200位以内
クンニ,68997,DLsite,週間ランキング200位以内
イラマチオ,64008,DLsite,週間ランキング200位以内
パイズリ,63251,DLsite,週間ランキング200位以内
スパンキング,60872,DLsite,週間ランキング200位以内
巨乳,12254389,FANZA,週間ランキング200位以内
フェラ,7684518,FANZA,週間ランキング200位以内
制服,6767313,FANZA,週間ランキング200位以内
パイズリ,4560961,FANZA,週間ランキング200位以内
処女,4542819,FANZA,週間ランキング200位以内
学園もの,3853857,FANZA,週間ランキング200位以内
寝取り・寝取られ,3840509,FANZA,週間ランキング200位以内
露出,3491124,FANZA,週間ランキング200位以内
ラブラブ・あまあま,3485863,FANZA,週間ランキング200位以内
ぶっかけ,2965565,FANZA,週間ランキング200位以内
ハーレム,2880110,FANZA,週間ランキング200位以内
ビッチ,2424019,FANZA,週間ランキング200位以内
複数プレイ・乱交,2066917,FANZA,週間ランキング200位以内
陵辱,1980616,FANZA,週間ランキング200位以内
アナル,1972742,FANZA,週間ランキング200位以内
人妻・主婦,1962176,FANZA,週間ランキング200位以内
断面図,1618964,FANZA,週間ランキング200位以内
ギャル,1477231,FANZA,週間ランキング200位以内
着衣,1403711,FANZA,週間ランキング200位以内
日常・生活,1196318,FANZA,週間ランキング200位以内
パイパン,1196074,FANZA,週間ランキング200位以内
陰毛・腋毛,1160922,FANZA,週間ランキング200位以内
和姦,1117709,FANZA,週間ランキング200位以内
浮気,1071413,FANZA,週間ランキング200位以内
お尻・ヒップ,1055832,FANZA,週間ランキング200位以内
ごっくん・食ザー,1023953,FANZA,週間ランキング200位以内
イラマチオ,985294,FANZA,週間ランキング200位以内
オナニー,974834,FANZA,週間ランキング200位以内
幼なじみ,954135,FANZA,週間ランキング200位以内
ポニーテール,818035,FANZA,週間ランキング200位以内
水着,807224,FANZA,週間ランキング200位以内
巨乳,28429,DLsite,月間ランキング200位以内
潮吹き,10528,DLsite,月間ランキング200位以内
フェラ,9608,DLsite,月間ランキング200位以内
妊娠・孕ませ,8365,DLsite,月間ランキング200位以内
学園もの,8208,DLsite,月間ランキング200位以内
学生,7907,DLsite,月間ランキング200位以内
羞恥・恥辱,7013,DLsite,月間ランキング200位以内
ギャル,6627,DLsite,月間ランキング200位以内
パイパン,6598,DLsite,月間ランキング200位以内
ロリ,6524,DLsite,月間ランキング200位以内
パイズリ,6496,DLsite,月間ランキング200位以内
寝取り・寝取られ,6385,DLsite,月間ランキング200位以内
おねショタ,6383,DLsite,月間ランキング200位以内
ムチムチ,6096,DLsite,月間ランキング200位以内
快楽堕ち,6096,DLsite,月間ランキング200位以内
ラブラブ・あまあま,5846,DLsite,月間ランキング200位以内
陵辱,5831,DLsite,月間ランキング200位以内
母乳,5586,DLsite,月間ランキング200位以内
アヘ顔,5509,DLsite,月間ランキング200位以内
妊婦,5482,DLsite,月間ランキング200位以内
制服,5441,DLsite,月間ランキング200位以内
オホ声,5395,DLsite,月間ランキング200位以内
人妻・主婦,5345,DLsite,月間ランキング200位以内
オナニー,5168,DLsite,月間ランキング200位以内
輪姦,4952,DLsite,月間ランキング200位以内
アナル,4713,DLsite,月間ランキング200位以内
耳舐め,4545,DLsite,月間ランキング200位以内
フタナリ,4459,DLsite,月間ランキング200位以内
ツインテール,4298,DLsite,月間ランキング200位以内
強制・無理矢理,4284,DLsite,月間ランキング200位以内
処女,4248,DLsite,月間ランキング200位以内
フェラ,196254,FANZA,月間ランキング200位以内
巨乳,183847,FANZA,月間ランキング200位以内
学生,88347,FANZA,月間ランキング200位以内
旧作,88239,FANZA,月間ランキング200位以内
潮吹き,83330,FANZA,月間ランキング200位以内
学園もの,82672,FANZA,月間ランキング200位以内
制服,78247,FANZA,月間ランキング200位以内
パイズリ,77008,FANZA,月間ランキング200位以内
処女,73652,FANZA,月間ランキング200位以内
アナル,59765,FANZA,月間ランキング200位以内
ファンタジー,53211,FANZA,月間ランキング200位以内
ギャル,51005,FANZA,月間ランキング200位以内
ラブラブ・あまあま,47292,FANZA,月間ランキング200位以内
純愛,46797,FANZA,月間ランキング200位以内
少女,44106,FANZA,月間ランキング200位以内
初体験,40122,FANZA,月間ランキング200位以内
セーラー服,38752,FANZA,月間ランキング200位以内
顔射,38537,FANZA,月間ランキング200位以内
露出,34647,FANZA,月間ランキング200位以内
メス堕ち,34070,FANZA,月間ランキング200位以内
陵辱,33227,FANZA,月間ランキング200位以内
オホ声,31526,FANZA,月間ランキング200位以内
異世界転生,31394,FANZA,月間ランキング200位以内
BL(ボーイズラブ),30105,FANZA,月間ランキング200位以内
ゲイ,30105,FANZA,月間ランキング200位以内
メスイキ,30105,FANZA,月間ランキング200位以内
男の娘,30105,FANZA,月間ランキング200位以内
メス男子,30105,FANZA,月間ランキング200位以内
手コキ,29118,FANZA,月間ランキング200位以内
金髪,28795,FANZA,月間ランキング200位以内
寝取り・寝取られ,25566,FANZA,月間ランキング200位以内
巨乳,65557,DLsite,月間ランキング200位以内
フェラ,44613,DLsite,月間ランキング200位以内
パイズリ,28069,DLsite,月間ランキング200位以内
潮吹き,21868,DLsite,月間ランキング200位以内
幼なじみ,21560,DLsite,月間ランキング200位以内
ごっくん・食ザー,21122,DLsite,月間ランキング200位以内
口内射精,21122,DLsite,月間ランキング200位以内
スクール水着,20681,DLsite,月間ランキング200位以内
ロリ,19005,DLsite,月間ランキング200位以内
ラブラブ・あまあま,18808,DLsite,月間ランキング200位以内
パイパン,17396,DLsite,月間ランキング200位以内
和姦,17166,DLsite,月間ランキング200位以内
オナニー,16572,DLsite,月間ランキング200位以内
連続絶頂,15303,DLsite,月間ランキング200位以内
学生,14745,DLsite,月間ランキング200位以内
処女,13993,DLsite,月間ランキング200位以内
メイド,13233,DLsite,月間ランキング200位以内
コスプレ,12979,DLsite,月間ランキング200位以内
純愛,12612,DLsite,月間ランキング200位以内
羞恥・恥辱,12358,DLsite,月間ランキング200位以内
学園もの,12174,DLsite,月間ランキング200位以内
貧乳・微乳,11947,DLsite,月間ランキング200位以内
ウェイトレス,11908,DLsite,月間ランキング200位以内
人妻・主婦,11672,DLsite,月間ランキング200位以内
アナル,11131,DLsite,月間ランキング200位以内
おねショタ,10866,DLsite,月間ランキング200位以内
女主人公,10765,DLsite,月間ランキング200位以内
少女,10652,DLsite,月間ランキング200位以内
イラマチオ,10290,DLsite,月間ランキング200位以内
断面図,9901,DLsite,月間ランキング200位以内
快楽堕ち,9683,DLsite,月間ランキング200位以内
巨乳,779869,FANZA,月間ランキング200位以内
フェラ,700167,FANZA,月間ランキング200位以内
制服,338752,FANZA,月間ランキング200位以内
旧作,332291,FANZA,月間ランキング200位以内
パイズリ,298640,FANZA,月間ランキング200位以内
処女,244860,FANZA,月間ランキング200位以内
寝取り・寝取られ,220306,FANZA,月間ランキング200位以内
人妻・主婦,216592,FANZA,月間ランキング200位以内
学生,178918,FANZA,月間ランキング200位以内
ラブラブ・あまあま,174050,FANZA,月間ランキング200位以内
学園もの,164081,FANZA,月間ランキング200位以内
潮吹き,148491,FANZA,月間ランキング200位以内
アナル,147974,FANZA,月間ランキング200位以内
ギャル,145062,FANZA,月間ランキング200位以内
幼なじみ,135500,FANZA,月間ランキング200位以内
純愛,133945,FANZA,月間ランキング200位以内
クンニ,112413,FANZA,月間ランキング200位以内
キス,112315,FANZA,月間ランキング200位以内
少女,109550,FANZA,月間ランキング200位以内
ハーレム,108790,FANZA,月間ランキング200位以内
ファンタジー,105102,FANZA,月間ランキング200位以内
露出,98739,FANZA,月間ランキング200位以内
妊娠・孕ませ,97606,FANZA,月間ランキング200位以内
連続絶頂,96466,FANZA,月間ランキング200位以内
貧乳・微乳,94668,FANZA,月間ランキング200位以内
アヘ顔,93198,FANZA,月間ランキング200位以内
陵辱,92201,FANZA,月間ランキング200位以内
着衣,91199,FANZA,月間ランキング200位以内
快楽堕ち,90162,FANZA,月間ランキング200位以内
オホ声,89222,FANZA,月間ランキング200位以内
パイパン,86549,FANZA,月間ランキング200位以内
ロリ,536971,DLsite,月間ランキング200位以内
パイパン,483681,DLsite,月間ランキング200位以内
複数プレイ・乱交,449732,DLsite,月間ランキング200位以内
ツルペタ,439418,DLsite,月間ランキング200位以内
巨乳,353239,DLsite,月間ランキング200位以内
調教・奴隷,256734,DLsite,月間ランキング200位以内
純愛,226088,DLsite,月間ランキング200位以内
ラブラブ・あまあま,211541,DLsite,月間ランキング200位以内
連続絶頂,190091,DLsite,月間ランキング200位以内
アヘ顔,187341,DLsite,月間ランキング200位以内
フェラ,180665,DLsite,月間ランキング200位以内
アナル,138630,DLsite,月間ランキング200位以内
断面図,137910,DLsite,月間ランキング200位以内
潮吹き,137242,DLsite,月間ランキング200位以内
少女,124699,DLsite,月間ランキング200位以内
妊婦,109662,DLsite,月間ランキング200位以内
触手,105642,DLsite,月間ランキング200位以内
叔父・義父,99056,DLsite,月間ランキング200位以内
退廃・背徳・インモラル,99054,DLsite,月間ランキング200位以内
レイプ,98278,DLsite,月間ランキング200位以内
ボクっ娘,97553,DLsite,月間ランキング200位以内
人体改造,97553,DLsite,月間ランキング200位以内
ギャル,95952,DLsite,月間ランキング200位以内
強制・無理矢理,92257,DLsite,月間ランキング200位以内
学園もの,86357,DLsite,月間ランキング200位以内
制服,85429,DLsite,月間ランキング200位以内
寝取り・寝取られ,69451,DLsite,月間ランキング200位以内
クンニ,68997,DLsite,月間ランキング200位以内
イラマチオ,64008,DLsite,月間ランキング200位以内
パイズリ,63251,DLsite,月間ランキング200位以内
スパンキング,60872,DLsite,月間ランキング200位以内
巨乳,12254389,FANZA,月間ランキング200位以内
フェラ,7684518,FANZA,月間ランキング200位以内
制服,6767313,FANZA,月間ランキング200位以内
パイズリ,4560961,FANZA,月間ランキング200位以内
処女,4542819,FANZA,月間ランキング200位以内
学園もの,3853857,FANZA,月間ランキング200位以内
寝取り・寝取られ,3840509,FANZA,月間ランキング200位以内
露出,3491124,FANZA,月間ランキング200位以内
ラブラブ・あまあま,3485863,FANZA,月間ランキング200位以内
ぶっかけ,2965565,FANZA,月間ランキング200位以内
ハーレム,2880110,FANZA,月間ランキング200位以内
ビッチ,2424019,FANZA,月間ランキング200位以内
複数プレイ・乱交,2066917,FANZA,月間ランキング200位以内
陵辱,1980616,FANZA,月間ランキング200位以内
アナル,1972742,FANZA,月間ランキング200位以内
人妻・主婦,1962176,FANZA,月間ランキング200位以内
断面図,1618964,FANZA,月間ランキング200位以内
ギャル,1477231,FANZA,月間ランキング200位以内
着衣,1403711,FANZA,月間ランキング200位以内
日常・生活,1196318,FANZA,月間ランキング200位以内
パイパン,1196074,FANZA,月間ランキング200位以内
陰毛・腋毛,1160922,FANZA,月間ランキング200位以内
和姦,1117709,FANZA,月間ランキング200位以内
浮気,1071413,FANZA,月間ランキング200位以内
お尻・ヒップ,1055832,FANZA,月間ランキング200位以内
ごっくん・食ザー,1023953,FANZA,月間ランキング200位以内
イラマチオ,985294,FANZA,月間ランキング200位以内
オナニー,974834,FANZA,月間ランキング200位以内
幼なじみ,954135,FANZA,月間ランキング200位以内
ポニーテール,818035,FANZA,月間ランキング200位以内
水着,807224,FANZA,月間ランキング200位以内
巨乳,28429,DLsite,累計ランキング200位以内
潮吹き,10528,DLsite,累計ランキング200位以内
フェラ,9608,DLsite,累計ランキング200位以内
妊娠・孕ませ,8365,DLsite,累計ランキング200位以内
学園もの,8208,DLsite,累計ランキング200位以内
学生,7907,DLsite,累計ランキング200位以内
羞恥・恥辱,7013,DLsite,累計ランキング200位以内
ギャル,6627,DLsite,累計ランキング200位以内
パイパン,6598,DLsite,累計ランキング200位以内
ロリ,6524,DLsite,累計ランキング200位以内
パイズリ,6496,DLsite,累計ランキング200位以内
寝取り・寝取られ,6385,DLsite,累計ランキング200位以内
おねショタ,6383,DLsite,累計ランキング200位以内
ムチムチ,6096,DLsite,累計ランキング200位以内
快楽堕ち,6096,DLsite,累計ランキング200位以内
ラブラブ・あまあま,5846,DLsite,累計ランキング200位以内
陵辱,5831,DLsite,累計ランキング200位以内
母乳,5586,DLsite,累計ランキング200位以内
アヘ顔,5509,DLsite,累計ランキング200位以内
妊婦,5482,DLsite,累計ランキング200位以内
制服,5441,DLsite,累計ランキング200位以内
オホ声,5395,DLsite,累計ランキング200位以内
人妻・主婦,5345,DLsite,累計ランキング200位以内
オナニー,5168,DLsite,累計ランキング200位以内
輪姦,4952,DLsite,累計ランキング200位以内
アナル,4713,DLsite,累計ランキング200位以内
耳舐め,4545,DLsite,累計ランキング200位以内
フタナリ,4459,DLsite,累計ランキング200位以内
ツインテール,4298,DLsite,累計ランキング200位以内
強制・無理矢理,4284,DLsite,累計ランキング200位以内
処女,4248,DLsite,累計ランキング200位以内
フェラ,196254,FANZA,累計ランキング200位以内
巨乳,183847,FANZA,累計ランキング200位以内
学生,88347,FANZA,累計ランキング200位以内
旧作,88239,FANZA,累計ランキング200位以内
潮吹き,83330,FANZA,累計ランキング200位以内
学園もの,82672,FANZA,累計ランキング200位以内
制服,78247,FANZA,累計ランキング200位以内
パイズリ,77008,FANZA,累計ランキング200位以内
処女,73652,FANZA,累計ランキング200位以内
アナル,59765,FANZA,累計ランキング200位以内
ファンタジー,53211,FANZA,累計ランキング200位以内
ギャル,51005,FANZA,累計ランキング200位以内
ラブラブ・あまあま,47292,FANZA,累計ランキング200位以内
純愛,46797,FANZA,累計ランキング200位以内
少女,44106,FANZA,累計ランキング200位以内
初体験,40122,FANZA,累計ランキング200位以内
セーラー服,38752,FANZA,累計ランキング200位以内
顔射,38537,FANZA,累計ランキング200位以内
露出,34647,FANZA,累計ランキング200位以内
メス堕ち,34070,FANZA,累計ランキング200位以内
陵辱,33227,FANZA,累計ランキング200位以内
オホ声,31526,FANZA,累計ランキング200位以内
異世界転生,31394,FANZA,累計ランキング200位以内
BL(ボーイズラブ),30105,FANZA,累計ランキング200位以内
ゲイ,30105,FANZA,累計ランキング200位以内
メスイキ,30105,FANZA,累計ランキング200位以内
男の娘,30105,FANZA,累計ランキング200位以内
メス男子,30105,FANZA,累計ランキング200位以内
手コキ,29118,FANZA,累計ランキング200位以内
金髪,28795,FANZA,累計ランキング200位以内
寝取り・寝取られ,25566,FANZA,累計ランキング200位以内
巨乳,65557,DLsite,累計ランキング200位以内
フェラ,44613,DLsite,累計ランキング200位以内
パイズリ,28069,DLsite,累計ランキング200位以内
潮吹き,21868,DLsite,累計ランキング200位以内
幼なじみ,21560,DLsite,累計ランキング200位以内
ごっくん・食ザー,21122,DLsite,累計ランキング200位以内
口内射精,21122,DLsite,累計ランキング200位以内
スクール水着,20681,DLsite,累計ランキング200位以内
ロリ,19005,DLsite,累計ランキング200位以内
ラブラブ・あまあま,18808,DLsite,累計ランキング200位以内
パイパン,17396,DLsite,累計ランキング200位以内
和姦,17166,DLsite,累計ランキング200位以内
オナニー,16572,DLsite,累計ランキング200位以内
連続絶頂,15303,DLsite,累計ランキング200位以内
学生,14745,DLsite,累計ランキング200位以内
処女,13993,DLsite,累計ランキング200位以内
メイド,13233,DLsite,累計ランキング200位以内
コスプレ,12979,DLsite,累計ランキング200位以内
純愛,12612,DLsite,累計ランキング200位以内
羞恥・恥辱,12358,DLsite,累計ランキング200位以内
学園もの,12174,DLsite,累計ランキング200位以内
貧乳・微乳,11947,DLsite,累計ランキング200位以内
ウェイトレス,11908,DLsite,累計ランキング200位以内
人妻・主婦,11672,DLsite,累計ランキング200位以内
アナル,11131,DLsite,累計ランキング200位以内
おねショタ,10866,DLsite,累計ランキング200位以内
女主人公,10765,DLsite,累計ランキング200位以内
少女,10652,DLsite,累計ランキング200位以内
イラマチオ,10290,DLsite,累計ランキング200位以内
断面図,9901,DLsite,累計ランキング200位以内
快楽堕ち,9683,DLsite,累計ランキング200位以内
巨乳,779869,FANZA,累計ランキング200位以内
フェラ,700167,FANZA,累計ランキング200位以内
制服,338752,FANZA,累計ランキング200位以内
旧作,332291,FANZA,累計ランキング200位以内
パイズリ,298640,FANZA,累計ランキング200位以内
処女,244860,FANZA,累計ランキング200位以内
寝取り・寝取られ,220306,FANZA,累計ランキング200位以内
人妻・主婦,216592,FANZA,累計ランキング200位以内
学生,178918,FANZA,累計ランキング200位以内
ラブラブ・あまあま,174050,FANZA,累計ランキング200位以内
学園もの,164081,FANZA,累計ランキング200位以内
潮吹き,148491,FANZA,累計ランキング200位以内
アナル,147974,FANZA,累計ランキング200位以内
ギャル,145062,FANZA,累計ランキング200位以内
幼なじみ,135500,FANZA,累計ランキング200位以内
純愛,133945,FANZA,累計ランキング200位以内
クンニ,112413,FANZA,累計ランキング200位以内
キス,112315,FANZA,累計ランキング200位以内
少女,109550,FANZA,累計ランキング200位以内
ハーレム,108790,FANZA,累計ランキング200位以内
ファンタジー,105102,FANZA,累計ランキング200位以内
露出,98739,FANZA,累計ランキング200位以内
妊娠・孕ませ,97606,FANZA,累計ランキング200位以内
連続絶頂,96466,FANZA,累計ランキング200位以内
貧乳・微乳,94668,FANZA,累計ランキング200位以内
アヘ顔,93198,FANZA,累計ランキング200位以内
陵辱,92201,FANZA,累計ランキング200位以内
着衣,91199,FANZA,累計ランキング200位以内
快楽堕ち,90162,FANZA,累計ランキング200位以内
オホ声,89222,FANZA,累計ランキング200位以内
パイパン,86549,FANZA,累計ランキング200位以内
ロリ,536971,DLsite,累計ランキング200位以内
パイパン,483681,DLsite,累計ランキング200位以内
複数プレイ・乱交,449732,DLsite,累計ランキング200位以内
ツルペタ,439418,DLsite,累計ランキング200位以内
巨乳,353239,DLsite,累計ランキング200位以内
調教・奴隷,256734,DLsite,累計ランキング200位以内
純愛,226088,DLsite,累計ランキング200位以内
ラブラブ・あまあま,211541,DLsite,累計ランキング200位以内
連続絶頂,190091,DLsite,累計ランキング200位以内
アヘ顔,187341,DLsite,累計ランキング200位以内
フェラ,180665,DLsite,累計ランキング200位以内
アナル,138630,DLsite,累計ランキング200位以内
断面図,137910,DLsite,累計ランキング200位以内
潮吹き,137242,DLsite,累計ランキング200位以内
少女,124699,DLsite,累計ランキング200位以内
妊婦,109662,DLsite,累計ランキング200位以内
触手,105642,DLsite,累計ランキング200位以内
叔父・義父,99056,DLsite,累計ランキング200位以内
退廃・背徳・インモラル,99054,DLsite,累計ランキング200位以内
レイプ,98278,DLsite,累計ランキング200位以内
ボクっ娘,97553,DLsite,累計ランキング200位以内
人体改造,97553,DLsite,累計ランキング200位以内
ギャル,95952,DLsite,累計ランキング200位以内
強制・無理矢理,92257,DLsite,累計ランキング200位以内
学園もの,86357,DLsite,累計ランキング200位以内
制服,85429,DLsite,累計ランキング200位以内
寝取り・寝取られ,69451,DLsite,累計ランキング200位以内
クンニ,68997,DLsite,累計ランキング200位以内
イラマチオ,64008,DLsite,累計ランキング200位以内
パイズリ,63251,DLsite,累計ランキング200位以内
スパンキング,60872,DLsite,累計ランキング200位以内
巨乳,12254389,FANZA,累計ランキング200位以内
フェラ,7684518,FANZA,累計ランキング200位以内
制服,6767313,FANZA,累計ランキング200位以内
パイズリ,4560961,FANZA,累計ランキング200位以内
処女,4542819,FANZA,累計ランキング200位以内
学園もの,3853857,FANZA,累計ランキング200位以内
寝取り・寝取られ,3840509,FANZA,累計ランキング200位以内
露出,3491124,FANZA,累計ランキング200位以内
ラブラブ・あまあま,3485863,FANZA,累計ランキング200位以内
ぶっかけ,2965565,FANZA,累計ランキング200位以内
ハーレム,2880110,FANZA,累計ランキング200位以内
ビッチ,2424019,FANZA,累計ランキング200位以内
複数プレイ・乱交,2066917,FANZA,累計ランキング200位以内
陵辱,1980616,FANZA,累計ランキング200位以内
アナル,1972742,FANZA,累計ランキング200位以内
人妻・主婦,1962176,FANZA,累計ランキング200位以内
断面図,1618964,FANZA,累計ランキング200位以内
ギャル,1477231,FANZA,累計ランキング200位以内
着衣,1403711,FANZA,累計ランキング200位以内
日常・生活,1196318,FANZA,累計ランキング200位以内
パイパン,1196074,FANZA,累計ランキング200位以内
陰毛・腋毛,1160922,FANZA,累計ランキング200位以内
和姦,1117709,FANZA,累計ランキング200位以内
浮気,1071413,FANZA,累計ランキング200位以内
お尻・ヒップ,1055832,FANZA,累計ランキング200位以内
ごっくん・食ザー,1023953,FANZA,累計ランキング200位以内
イラマチオ,985294,FANZA,累計ランキング200位以内
オナニー,974834,FANZA,累計ランキング200位以内
幼なじみ,954135,FANZA,累計ランキング200位以内
ポニーテール,818035,FANZA,累計ランキング200位以内
水着,807224,FANZA,累計ランキング200位以内
